{"schemaVersion":"1.0","appDefinitionTemplate":{"id":"/providers/Microsoft.PowerApps/apps/","type":"Microsoft.PowerApps/apps","tags":{"primaryDeviceWidth":"1366","primaryDeviceHeight":"768","sienaVersion":"20200626T150038Z-3.20062.22.0","deviceCapabilities":"","supportsPortrait":"false","supportsLandscape":"true","primaryFormFactor":"Tablet","publisherVersion":"3.20062.22","minimumRequiredApiVersion":"2.2.0","hasComponent":"false","hasUnlockedComponent":"false","isUnifiedRootApp":"false"},"properties":{"appVersion":"2020-06-26T15:00:38Z","lifeCycleId":"Published","createdByClientVersion":{"major":3,"minor":20062,"build":22,"revision":0,"majorRevision":0,"minorRevision":0},"minClientVersion":{"major":3,"minor":20062,"build":22,"revision":0,"majorRevision":0,"minorRevision":0},"backgroundColor":"rgba(175, 229, 178, 1)","backgroundImageUri":"/15614749500478759250/N1df1cd52-420c-47f4-ac16-913473536312-logoSmallFile","displayName":"Virtual Classroom","description":"An all-in-one meeting capture tool. View meeting details, capture notes and pictures of whiteboards, assign tasks and send to all meeting attendees in one click.","commitMessage":"","appUris":{"documentUri":{"value":"/15614749500478759250/N58595530-5cec-471c-a791-c8576430bade-document.msapp","readonlyValue":"/15614749500478759250/N58595530-5cec-471c-a791-c8576430bade-document.msapp"},"imageUris":[]},"createdTime":"0001-01-01T00:00:00Z","lastModifiedTime":"0001-01-01T00:00:00Z","sharedGroupsCount":0,"sharedUsersCount":0,"icons":{"smallIconUri":"/15614749500478759250/Nd69a3550-7137-40e4-8516-321a802f903c-small.png","mediumIconUri":"/15614749500478759250/N4c551b90-18e4-4645-b709-74545a7f5e79-medium.png","largeIconUri":"/15614749500478759250/N29ff37dd-0073-42fe-9543-7a5994ed5689-large.png","wideIconUri":"/15614749500478759250/Ndaa614af-a0b1-4d94-b776-11d60b587ec2-wide.png"},"connectionReferences":{"6b2de656-facb-41aa-b502-bb84e6da4768":{"id":"47ea954d-e032-4b16-ac06-7da685170abc","displayName":"Office 365 Users","iconUri":"https://connectoricons-prod.azureedge.net/office365users/icon_1.0.1357.2029.png","dataSources":["Office365Users"],"dependencies":[],"dependents":[],"parameterHints":{},"isOnPremiseConnection":false,"bypassConsent":false,"dataSets":{},"apiTier":"Standard","isCustomApiConnection":false},"0709996f-842f-4d9b-9d21-618afede1a91":{"id":"45a61a06-42cb-418d-ba94-0e7f533328db","displayName":"OneNote (Business)","iconUri":"https://connectoricons-prod.azureedge.net/onenote/icon_1.0.1347.1997.png","dataSources":["OneNote(Business)"],"dependencies":[],"dependents":[],"parameterHints":{},"isOnPremiseConnection":false,"bypassConsent":false,"dataSets":{},"apiTier":"Standard","isCustomApiConnection":false},"5867dfa2-c11f-4590-8528-e575cc1e8f82":{"id":"0776c037-8dc9-46ed-a46f-217dad484dbe","displayName":"Planner","iconUri":"https://connectoricons-prod.azureedge.net/planner/icon_1.0.1288.1786.png","dataSources":["Planner"],"dependencies":[],"dependents":[],"parameterHints":{},"isOnPremiseConnection":false,"bypassConsent":false,"dataSets":{},"apiTier":"Standard","isCustomApiConnection":false},"b84d29d0-5308-4b11-89e9-65a038c53cff":{"id":"7143fc26-17f8-4492-aba9-7e025c1cc08f","displayName":"Office 365 Outlook","iconUri":"https://connectoricons-prod.azureedge.net/office365/icon_1.0.1363.2042.png","dataSources":["Office365Outlook"],"dependencies":[],"dependents":[],"parameterHints":{},"isOnPremiseConnection":false,"bypassConsent":false,"dataSets":{},"apiTier":"Standard","isCustomApiConnection":false}},"databaseReferences":{},"almMode":"Environment","performanceOptimizationEnabled":true,"canConsumeAppPass":true},"isAppComponentLibrary":false,"appType":"ClassicCanvasApp","appComponents":[]}}